rank_by_cost,term_id,search_term,match_type_source,clicks,cost,signup,paid_sub,cpc,cost_per_signup,signup_per_click,paid_sub_per_signup,cost_per_sub_recomputed,cost_per_sub_supplied,cost_per_sub_matches_supplied,sample_cost_share,sample_sub_share,allowable_cost_per_sub,cost_per_sub_to_allowable_ratio
1,st_dd3412fed286,ai app builder,Phrase,34000,102000,4760,690,3.0000,21.4286,0.140000,0.144958,147.8261,147.83,true,0.302249,0.374390,181,0.816719
2,st_7397eeb3716a,free ai app builder,Phrase,29500,61950,5600,112,2.1000,11.0625,0.189831,0.020000,553.1250,553.13,true,0.183572,0.060770,181,3.055939
3,st_2fe617db21cf,how to build an ai app,Broad,22000,52800,2860,210,2.4000,18.4615,0.130000,0.073427,251.4286,251.43,true,0.156458,0.113945,181,1.389108
4,st_98934dc150fb,build app without code,Broad,9800,34300,1570,320,3.5000,21.8471,0.160204,0.203822,107.1875,107.19,true,0.101639,0.173630,181,0.592196
5,st_a3029027e1c6,vibe coding app builder,Broad,8600,27520,1120,168,3.2000,24.5714,0.130233,0.150000,163.8095,163.81,true,0.081548,0.091156,181,0.905025
6,st_6de9a251f911,enterprise app development platform,Broad,2100,16800,210,12,8.0000,80.0000,0.100000,0.057143,1400.0000,1400.00,true,0.049782,0.006511,181,7.734807
7,st_a9cf56135541,internal tool builder,Broad,3900,15600,700,175,4.0000,22.2857,0.179487,0.250000,89.1429,89.14,true,0.046226,0.094954,181,0.492502
8,st_429e31f7f0f8,ai app builder github,Broad,7400,14800,890,18,2.0000,16.6292,0.120270,0.020225,822.2222,822.22,true,0.043856,0.009767,181,4.542664
9,st_66770c31f114,scaffold alternative,Broad,2600,11700,520,138,4.5000,22.5000,0.200000,0.265385,84.7826,84.78,true,0.034670,0.074878,181,0.468412
