Search term,Match type,Clicks,Cost,Regs,Subs,Cost/sub
ai app builder,Phrase,34000,102000,4760,690,147.83
free ai app builder,Phrase,29500,61950,5600,112,553.13
how to build an ai app,Broad,22000,52800,2860,210,251.43
build app without code,Broad,9800,34300,1570,320,107.19
vibe coding app builder,Broad,8600,27520,1120,168,163.81
ai app builder github,Broad,7400,14800,890,18,822.22
internal tool builder,Broad,3900,15600,700,175,89.14
scaffold alternative,Broad,2600,11700,520,138,84.78
enterprise app development platform,Broad,2100,16800,210,12,1400.00
